{
  "generation": 1,
  "status": "completed",
  "execution_time": 2.6766152381896973,
  "peak_throughput": 46503653.27686184,
  "torch_available": false,
  "tests_passed": 6,
  "timestamp": 1755218183.0103264
}