{
  "generation": "2_robust",
  "timestamp": "2025-08-22T22:11:34.659542",
  "system_reliability": {
    "uptime_hours": 3.119336234198676e-05,
    "total_processing_count": 40,
    "total_error_count": 3,
    "overall_error_rate": 0.075,
    "mean_reliability_score": 0.5670646589986827
  },
  "performance_summary": {
    "processing_latency_ms": {
      "mean": 1.84401950320682,
      "std": 0.7538894558946482,
      "min": 1.2516975402832031,
      "max": 5.894660949707031,
      "latest": 1.7514228820800781,
      "trend": -0.008361946637735556
    },
    "detection_accuracy": {
      "mean": 0.21621621621621623,
      "std": 0.4116634111277789,
      "min": 0.0,
      "max": 1.0,
      "latest": 0.0,
      "trend": -0.00260787102892366
    },
    "adaptation_rate": {
      "mean": 0.10000000000000002,
      "std": 1.3877787807814457e-17,
      "min": 0.1,
      "max": 0.1,
      "latest": 0.1,
      "trend": 4.888444066533963e-19
    },
    "memory_usage_mb": {
      "mean": 0.19,
      "std": 0.10677078252031312,
      "min": 0.01,
      "max": 0.37,
      "latest": 0.37,
      "trend": 0.009999999999999998
    },
    "energy_efficiency": {
      "mean": 585.3827233082368,
      "std": 123.3775729882678,
      "min": 169.6162666968989,
      "max": 798.2772918783935,
      "latest": 570.6385200888426,
      "trend": -1.615694829260429
    },
    "error_count": {
      "mean": 1.4594594594594594,
      "std": 1.1293287792311448,
      "min": 0.0,
      "max": 3.0,
      "latest": 3.0,
      "trend": 0.10241820768136554
    },
    "recovery_count": {
      "mean": 0.0,
      "std": 0.0,
      "min": 0.0,
      "max": 0.0,
      "latest": 0.0,
      "trend": 0.0
    },
    "health_score": {
      "mean": 0.8519597208382751,
      "std": 0.03559661006355051,
      "min": 0.7993484350367909,
      "max": 0.9071862138868196,
      "latest": 0.7993484350367909,
      "trend": -0.003284140986005012
    },
    "security_score": {
      "mean": 1.0,
      "std": 0.0,
      "min": 1.0,
      "max": 1.0,
      "latest": 1.0,
      "trend": 2.3414408064159367e-17
    },
    "reliability_score": {
      "mean": 0.5670646589986827,
      "std": 0.020924758148335696,
      "min": 0.54375,
      "max": 0.6,
      "latest": 0.555,
      "trend": -0.0015892890732661373
    }
  },
  "health_monitoring": {
    "overall_health": 0.7993484350367909,
    "component_health": {
      "processing": 0.8897620035251461,
      "memory": 0.6833333333333332,
      "adaptation": 1.0
    },
    "reliability_metrics": {
      "uptime_hours": 3.0312008327907984e-05,
      "error_rate": 0.08771929824561403,
      "total_errors": 3,
      "successful_recoveries": 0,
      "failed_recoveries": 0
    }
  },
  "self_healing_stats": {
    "total_recovery_attempts": 0,
    "successful_recoveries": 0,
    "failed_recoveries": 0,
    "recovery_success_rate": 0.0,
    "recent_recoveries": []
  },
  "security_assessment": {
    "validation_errors": 0,
    "current_security_score": 1.0,
    "recent_security_events": []
  },
  "robustness_features": [
    "\u2705 Comprehensive input validation and sanitization",
    "\u2705 Real-time health monitoring and anomaly detection",
    "\u2705 Automatic error recovery and self-healing",
    "\u2705 Security validation and attack detection",
    "\u2705 Graceful degradation under failure conditions",
    "\u2705 Comprehensive logging and audit trail",
    "\u2705 Performance monitoring and alerting"
  ],
  "key_improvements_over_gen1": [
    "\ud83d\udee1\ufe0f  Added security validation (score: 1.000)",
    "\ud83c\udfe5 Real-time health monitoring (score: 0.799)",
    "\ud83d\udd27 Self-healing capabilities (0 recoveries)",
    "\u26a1 Error rate reduced to 0.0750",
    "\ud83d\udd04 Mean reliability score: 0.567"
  ],
  "configuration": {
    "spatial_size": [
      32,
      32
    ],
    "hidden_size": 64,
    "num_classes": 5,
    "memory_capacity": 50
  },
  "next_generation_preview": [
    "\ud83c\udfaf Generation 3: Advanced scaling and optimization",
    "\ud83c\udfaf Implement distributed processing capabilities",
    "\ud83c\udfaf Add advanced caching and memory optimization",
    "\ud83c\udfaf Implement load balancing and auto-scaling",
    "\ud83c\udfaf Add performance profiling and optimization"
  ]
}